timestamp,src_ip,dst_ip,src_port,dst_port,protocol,packet_size
1739266386.088809,192.168.2.1,192.168.2.255,9431,9431,UDP,104
1739266387.0124218,192.168.2.10,224.0.0.251,5353,5353,UDP,100
1739266387.0467699,192.168.2.12,192.168.2.10,5353,5353,UDP,396
1739266387.1258082,192.168.2.12,140.82.113.21,50370,443,TCP,1490
1739266387.126295,192.168.2.12,140.82.113.21,50370,443,TCP,1490
1739266387.126674,192.168.2.12,140.82.113.21,50370,443,TCP,1490
1739266387.127161,192.168.2.12,140.82.113.21,50370,443,TCP,1490
1739266387.1275892,192.168.2.12,140.82.113.21,50370,443,TCP,1490
1739266387.127984,192.168.2.12,140.82.113.21,50370,443,TCP,1490
1739266387.128339,192.168.2.12,140.82.113.21,50370,443,TCP,1490
1739266387.128891,192.168.2.12,140.82.113.21,50370,443,TCP,1490
1739266387.1292522,192.168.2.12,140.82.113.21,50370,443,TCP,1490
1739266387.129612,192.168.2.12,140.82.113.21,50370,443,TCP,1490
1739266387.129931,192.168.2.12,140.82.113.21,50370,443,TCP,1490
1739266387.130229,192.168.2.12,140.82.113.21,50370,443,TCP,1490
1739266387.130521,192.168.2.12,140.82.113.21,50370,443,TCP,1490
1739266387.1308181,192.168.2.12,140.82.113.21,50370,443,TCP,1490
1739266387.1311092,192.168.2.12,140.82.113.21,50370,443,TCP,1490
1739266387.131433,192.168.2.12,140.82.113.21,50370,443,TCP,884
1739266387.154921,140.82.113.21,192.168.2.12,443,50370,TCP,66
1739266387.1558552,140.82.113.21,192.168.2.12,443,50370,TCP,66
1739266387.159894,140.82.113.21,192.168.2.12,443,50370,TCP,66
1739266387.160827,140.82.113.21,192.168.2.12,443,50370,TCP,66
1739266387.162889,140.82.113.21,192.168.2.12,443,50370,TCP,66
1739266387.164887,140.82.113.21,192.168.2.12,443,50370,TCP,66
1739266387.165858,140.82.113.21,192.168.2.12,443,50370,TCP,66
1739266387.167867,140.82.113.21,192.168.2.12,443,50370,TCP,66
1739266387.1688378,140.82.113.21,192.168.2.12,443,50370,TCP,66
1739266387.169087,140.82.113.21,192.168.2.12,443,50370,TCP,66
1739266387.169409,140.82.113.21,192.168.2.12,443,50370,TCP,114
1739266387.169672,192.168.2.12,140.82.113.21,50370,443,TCP,66
1739266387.6258602,140.82.113.21,192.168.2.12,443,50370,TCP,530
1739266387.6268759,192.168.2.12,140.82.113.21,50370,443,TCP,66
1739266388.033876,192.168.2.10,224.0.0.251,5353,5353,UDP,137
1739266388.886951,192.168.2.12,172.64.155.209,49305,443,TCP,54
1739266388.895427,192.168.2.12,192.168.2.1,4586,53,UDP,75
1739266388.8957162,192.168.2.12,192.168.2.1,4106,53,UDP,75
1739266388.90355,192.168.2.1,192.168.2.12,53,4586,UDP,365
1739266388.904159,192.168.2.1,192.168.2.12,53,4106,UDP,124
1739266388.904452,192.168.2.12,142.250.65.238,63710,443,UDP,1292
1739266388.9046662,192.168.2.12,142.250.65.238,63710,443,UDP,1292
1739266388.9048781,192.168.2.12,142.250.65.238,63710,443,UDP,123
1739266388.9116411,172.64.155.209,192.168.2.12,443,49305,TCP,66
1739266388.941372,142.250.65.238,192.168.2.12,443,63710,UDP,82
1739266388.94204,142.250.65.238,192.168.2.12,443,63710,UDP,1292
1739266388.942723,142.250.65.238,192.168.2.12,443,63710,UDP,1292
1739266388.9429262,142.250.65.238,192.168.2.12,443,63710,UDP,351
1739266388.943097,142.250.65.238,192.168.2.12,443,63710,UDP,983
1739266388.943258,142.250.65.238,192.168.2.12,443,63710,UDP,68
1739266388.943418,192.168.2.12,142.250.65.238,63710,443,UDP,1292
1739266388.9435751,192.168.2.12,142.250.65.238,63710,443,UDP,73
1739266388.943743,192.168.2.12,142.250.65.238,63710,443,UDP,1288
1739266388.943941,192.168.2.12,142.250.65.238,63710,443,UDP,1292
1739266388.944175,192.168.2.12,142.250.65.238,63710,443,UDP,724
1739266388.9443488,192.168.2.12,142.250.65.238,63710,443,UDP,355
1739266388.9445179,192.168.2.12,142.250.65.238,63710,443,UDP,1261
1739266388.9500911,142.250.65.238,192.168.2.12,443,63710,UDP,66
1739266388.9517398,142.250.65.238,192.168.2.12,443,63710,UDP,162
1739266388.9551392,142.250.65.238,192.168.2.12,443,63710,UDP,67
1739266388.955453,142.250.65.238,192.168.2.12,443,63710,UDP,67
1739266388.9556348,142.250.65.238,192.168.2.12,443,63710,UDP,67
1739266388.95656,142.250.65.238,192.168.2.12,443,63710,UDP,72
1739266388.9567392,192.168.2.12,142.250.65.238,63710,443,UDP,74
1739266388.979809,142.250.65.238,192.168.2.12,443,63710,UDP,291
1739266388.98002,142.250.65.238,192.168.2.12,443,63710,UDP,63
1739266388.980211,192.168.2.12,142.250.65.238,63710,443,UDP,77
1739266388.9809332,142.250.65.238,192.168.2.12,443,63710,UDP,81
1739266388.981102,142.250.65.238,192.168.2.12,443,63710,UDP,63
1739266388.9845161,192.168.2.12,142.250.65.238,63710,443,UDP,77
1739266389.00481,142.250.65.238,192.168.2.12,443,63710,UDP,65
1739266389.936206,192.168.2.12,140.82.113.21,50370,443,TCP,1490
1739266389.93665,192.168.2.12,140.82.113.21,50370,443,TCP,1490
1739266389.936897,192.168.2.12,140.82.113.21,50370,443,TCP,1490
1739266389.937133,192.168.2.12,140.82.113.21,50370,443,TCP,1490
1739266389.937361,192.168.2.12,140.82.113.21,50370,443,TCP,1490
1739266389.9375842,192.168.2.12,140.82.113.21,50370,443,TCP,1490
1739266389.9378119,192.168.2.12,140.82.113.21,50370,443,TCP,1490
1739266389.938037,192.168.2.12,140.82.113.21,50370,443,TCP,1490
1739266389.93826,192.168.2.12,140.82.113.21,50370,443,TCP,1490
1739266389.9384818,192.168.2.12,140.82.113.21,50370,443,TCP,1490
1739266389.938705,192.168.2.12,140.82.113.21,50370,443,TCP,1490
1739266389.938951,192.168.2.12,140.82.113.21,50370,443,TCP,1490
1739266389.939221,192.168.2.12,140.82.113.21,50370,443,TCP,1490
1739266389.939584,192.168.2.12,140.82.113.21,50370,443,TCP,1490
1739266389.939847,192.168.2.12,140.82.113.21,50370,443,TCP,1490
1739266389.940099,192.168.2.12,140.82.113.21,50370,443,TCP,1490
1739266389.940383,192.168.2.12,140.82.113.21,50370,443,TCP,596
1739266389.9688692,140.82.113.21,192.168.2.12,443,50370,TCP,66
1739266389.969959,140.82.113.21,192.168.2.12,443,50370,TCP,66
1739266389.971796,140.82.113.21,192.168.2.12,443,50370,TCP,66
1739266389.976521,140.82.113.21,192.168.2.12,443,50370,TCP,66
1739266389.9770691,140.82.113.21,192.168.2.12,443,50370,TCP,66
1739266389.9790459,140.82.113.21,192.168.2.12,443,50370,TCP,66
1739266389.98032,140.82.113.21,192.168.2.12,443,50370,TCP,66
1739266389.981935,140.82.113.21,192.168.2.12,443,50370,TCP,66
1739266389.984127,140.82.113.21,192.168.2.12,443,50370,TCP,66
1739266389.9853592,140.82.113.21,192.168.2.12,443,50370,TCP,66
1739266389.985944,140.82.113.21,192.168.2.12,443,50370,TCP,66
1739266389.98651,140.82.113.21,192.168.2.12,443,50370,TCP,114
1739266389.986899,192.168.2.12,140.82.113.21,50370,443,TCP,66
1739266390.3362298,192.168.2.12,104.208.16.89,49890,443,TCP,1494
1739266390.342863,140.82.113.21,192.168.2.12,443,50370,TCP,530
1739266390.343317,192.168.2.12,140.82.113.21,50370,443,TCP,66
1739266390.6958249,192.168.2.10,224.0.0.251,5353,5353,UDP,100
1739266390.815412,192.168.2.12,192.168.2.10,5353,5353,UDP,396
1739266391.106853,192.168.2.1,192.168.2.255,9431,9431,UDP,104
1739266391.7243268,192.168.2.10,224.0.0.251,5353,5353,UDP,137
1739266391.8271859,192.168.2.1,224.0.0.251,49001,5353,UDP,119
1739266391.83084,192.168.2.12,192.168.2.1,5353,49001,UDP,955
1739266393.360398,142.251.40.106,192.168.2.12,443,53122,UDP,74
1739266393.4599,192.168.2.12,142.251.40.106,53122,443,UDP,75
1739266394.859694,192.168.2.12,192.168.2.1,49616,53,UDP,85
1739266394.8602319,192.168.2.12,192.168.2.1,54680,53,UDP,85
1739266394.8697448,192.168.2.1,192.168.2.12,53,49616,UDP,170
1739266394.872758,192.168.2.1,192.168.2.12,53,54680,UDP,302
1739266394.8732002,192.168.2.12,17.248.199.67,53589,443,TCP,78
1739266394.893774,17.248.199.67,192.168.2.12,443,53589,TCP,74
1739266394.894101,192.168.2.12,17.248.199.67,53589,443,TCP,66
1739266394.894372,192.168.2.12,17.248.199.67,53589,443,TCP,583
1739266394.9147189,17.248.199.67,192.168.2.12,443,53589,TCP,66
1739266394.915684,17.248.199.67,192.168.2.12,443,53589,TCP,1488
1739266394.915979,17.248.199.67,192.168.2.12,443,53589,TCP,1488
1739266394.916416,17.248.199.67,192.168.2.12,443,53589,TCP,794
1739266394.9176152,192.168.2.12,17.248.199.67,53589,443,TCP,66
1739266394.924842,192.168.2.12,17.248.199.67,53589,443,TCP,130
1739266394.925761,192.168.2.12,17.248.199.67,53589,443,TCP,1514
1739266394.9260092,192.168.2.12,17.248.199.67,53589,443,TCP,666
1739266394.9262562,192.168.2.12,17.248.199.67,53589,443,TCP,1514
1739266394.926496,192.168.2.12,17.248.199.67,53589,443,TCP,293
1739266394.944801,17.248.199.67,192.168.2.12,443,53589,TCP,353
1739266394.945111,17.248.199.67,192.168.2.12,443,53589,TCP,353
1739266394.945378,17.248.199.67,192.168.2.12,443,53589,TCP,128
1739266394.945662,192.168.2.12,17.248.199.67,53589,443,TCP,66
1739266394.9466171,17.248.199.67,192.168.2.12,443,53589,TCP,66
1739266394.948619,17.248.199.67,192.168.2.12,443,53589,TCP,66
1739266394.948881,17.248.199.67,192.168.2.12,443,53589,TCP,97
1739266394.949146,192.168.2.12,17.248.199.67,53589,443,TCP,97
1739266394.950888,17.248.199.67,192.168.2.12,443,53589,TCP,1488
1739266394.9511511,17.248.199.67,192.168.2.12,443,53589,TCP,1488
1739266394.951404,17.248.199.67,192.168.2.12,443,53589,TCP,1488
1739266394.951662,17.248.199.67,192.168.2.12,443,53589,TCP,1488
1739266394.951894,192.168.2.12,17.248.199.67,53589,443,TCP,66
1739266394.9521458,17.248.199.67,192.168.2.12,443,53589,TCP,1488
1739266394.952408,17.248.199.67,192.168.2.12,443,53589,TCP,1488
1739266394.9526222,192.168.2.12,17.248.199.67,53589,443,TCP,66
1739266394.952886,17.248.199.67,192.168.2.12,443,53589,TCP,1488
1739266394.953176,17.248.199.67,192.168.2.12,443,53589,TCP,1488
1739266394.953421,192.168.2.12,17.248.199.67,53589,443,TCP,66
1739266395.009123,17.248.199.67,192.168.2.12,443,53589,TCP,1488
1739266395.0096588,192.168.2.12,17.248.199.67,53589,443,TCP,66
1739266395.0098188,17.248.199.67,192.168.2.12,443,53589,TCP,1488
1739266395.009974,17.248.199.67,192.168.2.12,443,53589,TCP,1488
1739266395.0101,192.168.2.12,17.248.199.67,53589,443,TCP,66
1739266395.010249,17.248.199.67,192.168.2.12,443,53589,TCP,1488
1739266395.010396,17.248.199.67,192.168.2.12,443,53589,TCP,1488
1739266395.01052,192.168.2.12,17.248.199.67,53589,443,TCP,66
1739266395.0106628,17.248.199.67,192.168.2.12,443,53589,TCP,1488
1739266395.010807,17.248.199.67,192.168.2.12,443,53589,TCP,1488
1739266395.0109282,192.168.2.12,17.248.199.67,53589,443,TCP,66
1739266395.0110688,17.248.199.67,192.168.2.12,443,53589,TCP,1488
1739266395.011212,17.248.199.67,192.168.2.12,443,53589,TCP,1488
1739266395.011332,192.168.2.12,17.248.199.67,53589,443,TCP,66
1739266395.011474,17.248.199.67,192.168.2.12,443,53589,TCP,1488
1739266395.011615,17.248.199.67,192.168.2.12,443,53589,TCP,1488
1739266395.011734,192.168.2.12,17.248.199.67,53589,443,TCP,66
1739266395.0118752,17.248.199.67,192.168.2.12,443,53589,TCP,1488
1739266395.012021,17.248.199.67,192.168.2.12,443,53589,TCP,1488
1739266395.012138,192.168.2.12,17.248.199.67,53589,443,TCP,66
1739266395.012274,17.248.199.67,192.168.2.12,443,53589,TCP,1488
1739266395.0124109,17.248.199.67,192.168.2.12,443,53589,TCP,1488
1739266395.0125692,192.168.2.12,17.248.199.67,53589,443,TCP,66
1739266395.0126872,192.168.2.12,17.248.199.67,53589,443,TCP,66
1739266395.012825,17.248.199.67,192.168.2.12,443,53589,TCP,1488
1739266395.012969,17.248.199.67,192.168.2.12,443,53589,TCP,1488
1739266395.013087,192.168.2.12,17.248.199.67,53589,443,TCP,66
1739266395.013226,17.248.199.67,192.168.2.12,443,53589,TCP,1488
1739266395.013382,17.248.199.67,192.168.2.12,443,53589,TCP,1488
1739266395.013497,192.168.2.12,17.248.199.67,53589,443,TCP,66
1739266395.0136352,17.248.199.67,192.168.2.12,443,53589,TCP,1488
1739266395.0137742,17.248.199.67,192.168.2.12,443,53589,TCP,1488
1739266395.013889,192.168.2.12,17.248.199.67,53589,443,TCP,66
1739266395.014026,17.248.199.67,192.168.2.12,443,53589,TCP,1488
1739266395.014165,17.248.199.67,192.168.2.12,443,53589,TCP,1488
1739266395.0142798,192.168.2.12,17.248.199.67,53589,443,TCP,66
1739266395.0144188,17.248.199.67,192.168.2.12,443,53589,TCP,1488
1739266395.014557,17.248.199.67,192.168.2.12,443,53589,TCP,1488
1739266395.0146718,192.168.2.12,17.248.199.67,53589,443,TCP,66
1739266395.0148091,17.248.199.67,192.168.2.12,443,53589,TCP,1488
1739266395.0149481,17.248.199.67,192.168.2.12,443,53589,TCP,1488
1739266395.015062,192.168.2.12,17.248.199.67,53589,443,TCP,66
1739266395.0152,17.248.199.67,192.168.2.12,443,53589,TCP,1488
1739266395.015337,17.248.199.67,192.168.2.12,443,53589,TCP,1488
1739266395.015475,17.248.199.67,192.168.2.12,443,53589,TCP,1488
1739266395.015614,17.248.199.67,192.168.2.12,443,53589,TCP,1488
1739266395.01573,192.168.2.12,17.248.199.67,53589,443,TCP,66
1739266395.015868,17.248.199.67,192.168.2.12,443,53589,TCP,1488
1739266395.0160372,17.248.199.67,192.168.2.12,443,53589,TCP,1488
1739266395.0161788,17.248.199.67,192.168.2.12,443,53589,TCP,1488
1739266395.016474,17.248.199.67,192.168.2.12,443,53589,TCP,1488
1739266395.016632,17.248.199.67,192.168.2.12,443,53589,TCP,1488
1739266395.016778,17.248.199.67,192.168.2.12,443,53589,TCP,1488
1739266395.0168982,192.168.2.12,17.248.199.67,53589,443,TCP,66
1739266395.017038,17.248.199.67,192.168.2.12,443,53589,TCP,1488
1739266395.017181,17.248.199.67,192.168.2.12,443,53589,TCP,1488
1739266395.0172968,192.168.2.12,17.248.199.67,53589,443,TCP,66
1739266395.0174348,17.248.199.67,192.168.2.12,443,53589,TCP,1488
1739266395.017573,17.248.199.67,192.168.2.12,443,53589,TCP,1488
1739266395.017695,192.168.2.12,17.248.199.67,53589,443,TCP,66
1739266395.01783,17.248.199.67,192.168.2.12,443,53589,TCP,1488
1739266395.0179682,17.248.199.67,192.168.2.12,443,53589,TCP,1488
1739266395.0180821,192.168.2.12,17.248.199.67,53589,443,TCP,66
1739266395.018444,17.248.199.67,192.168.2.12,443,53589,TCP,1488
1739266395.018582,17.248.199.67,192.168.2.12,443,53589,TCP,1488
1739266395.018697,192.168.2.12,17.248.199.67,53589,443,TCP,66
1739266395.018832,17.248.199.67,192.168.2.12,443,53589,TCP,1488
1739266395.018969,17.248.199.67,192.168.2.12,443,53589,TCP,1488
1739266395.019083,192.168.2.12,17.248.199.67,53589,443,TCP,66
1739266395.0192199,17.248.199.67,192.168.2.12,443,53589,TCP,1488
1739266395.019358,17.248.199.67,192.168.2.12,443,53589,TCP,1488
1739266395.019495,17.248.199.67,192.168.2.12,443,53589,TCP,1488
1739266395.019632,17.248.199.67,192.168.2.12,443,53589,TCP,1488
1739266395.01981,17.248.199.67,192.168.2.12,443,53589,TCP,1488
1739266395.019948,17.248.199.67,192.168.2.12,443,53589,TCP,1488
1739266395.0200598,192.168.2.12,17.248.199.67,53589,443,TCP,66
1739266395.020195,17.248.199.67,192.168.2.12,443,53589,TCP,1488
1739266395.020329,17.248.199.67,192.168.2.12,443,53589,TCP,1488
1739266395.020441,192.168.2.12,17.248.199.67,53589,443,TCP,66
1739266395.0205739,17.248.199.67,192.168.2.12,443,53589,TCP,1488
1739266395.020708,17.248.199.67,192.168.2.12,443,53589,TCP,1488
1739266395.02082,192.168.2.12,17.248.199.67,53589,443,TCP,66
1739266395.0209541,17.248.199.67,192.168.2.12,443,53589,TCP,1488
1739266395.02109,17.248.199.67,192.168.2.12,443,53589,TCP,1488
1739266395.021203,192.168.2.12,17.248.199.67,53589,443,TCP,66
1739266395.0213351,17.248.199.67,192.168.2.12,443,53589,TCP,1488
1739266395.021468,17.248.199.67,192.168.2.12,443,53589,TCP,1488
1739266395.02158,192.168.2.12,17.248.199.67,53589,443,TCP,66
1739266395.0217118,17.248.199.67,192.168.2.12,443,53589,TCP,1488
1739266395.021847,17.248.199.67,192.168.2.12,443,53589,TCP,1488
1739266395.0219798,17.248.199.67,192.168.2.12,443,53589,TCP,1488
1739266395.022115,17.248.199.67,192.168.2.12,443,53589,TCP,1488
1739266395.02225,17.248.199.67,192.168.2.12,443,53589,TCP,1488
1739266395.022387,17.248.199.67,192.168.2.12,443,53589,TCP,1488
1739266395.0225012,192.168.2.12,17.248.199.67,53589,443,TCP,66
1739266395.022635,17.248.199.67,192.168.2.12,443,53589,TCP,1488
1739266395.02277,17.248.199.67,192.168.2.12,443,53589,TCP,1488
1739266395.0228832,192.168.2.12,17.248.199.67,53589,443,TCP,66
1739266395.02305,17.248.199.67,192.168.2.12,443,53589,TCP,1488
1739266395.023187,17.248.199.67,192.168.2.12,443,53589,TCP,1488
1739266395.0233002,192.168.2.12,17.248.199.67,53589,443,TCP,66
1739266395.023434,17.248.199.67,192.168.2.12,443,53589,TCP,1488
1739266395.0235698,17.248.199.67,192.168.2.12,443,53589,TCP,1488
1739266395.023705,17.248.199.67,192.168.2.12,443,53589,TCP,1488
1739266395.023843,17.248.199.67,192.168.2.12,443,53589,TCP,1488
1739266395.023981,17.248.199.67,192.168.2.12,443,53589,TCP,1488
1739266395.024122,17.248.199.67,192.168.2.12,443,53589,TCP,1488
1739266395.0242329,192.168.2.12,17.248.199.67,53589,443,TCP,66
1739266395.0243661,17.248.199.67,192.168.2.12,443,53589,TCP,1488
1739266395.024504,17.248.199.67,192.168.2.12,443,53589,TCP,1488
1739266395.0247838,17.248.199.67,192.168.2.12,443,53589,TCP,1488
1739266395.0249228,192.168.2.12,17.248.199.67,53589,443,TCP,66
1739266395.025072,17.248.199.67,192.168.2.12,443,53589,TCP,1488
1739266395.025216,17.248.199.67,192.168.2.12,443,53589,TCP,1488
1739266395.025356,17.248.199.67,192.168.2.12,443,53589,TCP,1488
1739266395.0254982,17.248.199.67,192.168.2.12,443,53589,TCP,1488
1739266395.0256362,17.248.199.67,192.168.2.12,443,53589,TCP,1488
1739266395.02617,17.248.199.67,192.168.2.12,443,53589,TCP,1488
1739266395.026287,192.168.2.12,17.248.199.67,53589,443,TCP,66
1739266395.026429,17.248.199.67,192.168.2.12,443,53589,TCP,1488
1739266395.02657,17.248.199.67,192.168.2.12,443,53589,TCP,1488
1739266395.026706,17.248.199.67,192.168.2.12,443,53589,TCP,1488
1739266395.026842,17.248.199.67,192.168.2.12,443,53589,TCP,1488
1739266395.02702,17.248.199.67,192.168.2.12,443,53589,TCP,1488
1739266395.027159,17.248.199.67,192.168.2.12,443,53589,TCP,1488
1739266395.027296,17.248.199.67,192.168.2.12,443,53589,TCP,1488
1739266395.0274298,17.248.199.67,192.168.2.12,443,53589,TCP,1488
1739266395.0275662,17.248.199.67,192.168.2.12,443,53589,TCP,1488
1739266395.027683,192.168.2.12,17.248.199.67,53589,443,TCP,66
1739266395.027819,17.248.199.67,192.168.2.12,443,53589,TCP,1488
1739266395.0279539,17.248.199.67,192.168.2.12,443,53589,TCP,1488
1739266395.02809,17.248.199.67,192.168.2.12,443,53589,TCP,1488
1739266395.028224,17.248.199.67,192.168.2.12,443,53589,TCP,1488
1739266395.028357,17.248.199.67,192.168.2.12,443,53589,TCP,1488
1739266395.028491,17.248.199.67,192.168.2.12,443,53589,TCP,1488
1739266395.0286238,17.248.199.67,192.168.2.12,443,53589,TCP,1488
1739266395.028758,17.248.199.67,192.168.2.12,443,53589,TCP,1488
1739266395.0288918,17.248.199.67,192.168.2.12,443,53589,TCP,1488
1739266395.0290282,17.248.199.67,192.168.2.12,443,53589,TCP,1488
1739266395.02914,192.168.2.12,17.248.199.67,53589,443,TCP,66
1739266395.029276,17.248.199.67,192.168.2.12,443,53589,TCP,1488
1739266395.029412,17.248.199.67,192.168.2.12,443,53589,TCP,1488
1739266395.029548,17.248.199.67,192.168.2.12,443,53589,TCP,1488
1739266395.029685,17.248.199.67,192.168.2.12,443,53589,TCP,1488
1739266395.0298219,17.248.199.67,192.168.2.12,443,53589,TCP,1488
1739266395.029957,17.248.199.67,192.168.2.12,443,53589,TCP,1488
1739266395.030092,17.248.199.67,192.168.2.12,443,53589,TCP,1488
1739266395.030228,17.248.199.67,192.168.2.12,443,53589,TCP,1488
1739266395.030377,192.168.2.12,17.248.199.67,53589,443,TCP,66
1739266395.030514,17.248.199.67,192.168.2.12,443,53589,TCP,1488
1739266395.030653,17.248.199.67,192.168.2.12,443,53589,TCP,1488
1739266395.0307899,17.248.199.67,192.168.2.12,443,53589,TCP,1488
1739266395.030928,17.248.199.67,192.168.2.12,443,53589,TCP,1488
1739266395.031043,192.168.2.12,17.248.199.67,53589,443,TCP,66
1739266395.0311801,17.248.199.67,192.168.2.12,443,53589,TCP,1488
1739266395.031316,17.248.199.67,192.168.2.12,443,53589,TCP,1488
1739266395.03145,17.248.199.67,192.168.2.12,443,53589,TCP,1488
1739266395.031586,17.248.199.67,192.168.2.12,443,53589,TCP,1488
1739266395.0317209,17.248.199.67,192.168.2.12,443,53589,TCP,1488
1739266395.0318542,17.248.199.67,192.168.2.12,443,53589,TCP,1488
1739266395.031991,17.248.199.67,192.168.2.12,443,53589,TCP,1488
1739266395.032125,17.248.199.67,192.168.2.12,443,53589,TCP,1488
1739266395.032237,192.168.2.12,17.248.199.67,53589,443,TCP,66
1739266395.032369,17.248.199.67,192.168.2.12,443,53589,TCP,1488
1739266395.032502,17.248.199.67,192.168.2.12,443,53589,TCP,1488
1739266395.032635,17.248.199.67,192.168.2.12,443,53589,TCP,1488
1739266395.033068,17.248.199.67,192.168.2.12,443,53589,TCP,1488
1739266395.033212,17.248.199.67,192.168.2.12,443,53589,TCP,1488
1739266395.033349,17.248.199.67,192.168.2.12,443,53589,TCP,1488
1739266395.0334861,17.248.199.67,192.168.2.12,443,53589,TCP,1488
1739266395.033622,17.248.199.67,192.168.2.12,443,53589,TCP,1488
1739266395.033756,17.248.199.67,192.168.2.12,443,53589,TCP,1488
1739266395.033891,17.248.199.67,192.168.2.12,443,53589,TCP,1488
1739266395.034063,17.248.199.67,192.168.2.12,443,53589,TCP,1488
1739266395.034199,17.248.199.67,192.168.2.12,443,53589,TCP,1488
1739266395.034337,17.248.199.67,192.168.2.12,443,53589,TCP,1488
1739266395.034473,17.248.199.67,192.168.2.12,443,53589,TCP,1488
1739266395.034587,192.168.2.12,17.248.199.67,53589,443,TCP,66
1739266395.03472,17.248.199.67,192.168.2.12,443,53589,TCP,1488
1739266395.0348532,17.248.199.67,192.168.2.12,443,53589,TCP,1488
1739266395.034986,17.248.199.67,192.168.2.12,443,53589,TCP,1488
1739266395.03512,17.248.199.67,192.168.2.12,443,53589,TCP,1488
1739266395.035257,17.248.199.67,192.168.2.12,443,53589,TCP,1488
1739266395.035393,17.248.199.67,192.168.2.12,443,53589,TCP,1488
1739266395.035527,17.248.199.67,192.168.2.12,443,53589,TCP,1488
1739266395.03566,17.248.199.67,192.168.2.12,443,53589,TCP,1488
1739266395.035794,17.248.199.67,192.168.2.12,443,53589,TCP,1488
1739266395.035927,17.248.199.67,192.168.2.12,443,53589,TCP,1488
1739266395.036038,192.168.2.12,17.248.199.67,53589,443,TCP,66
1739266395.036172,17.248.199.67,192.168.2.12,443,53589,TCP,1488
1739266395.0363069,17.248.199.67,192.168.2.12,443,53589,TCP,1488
1739266395.036441,17.248.199.67,192.168.2.12,443,53589,TCP,1488
1739266395.036578,17.248.199.67,192.168.2.12,443,53589,TCP,1488
1739266395.036711,17.248.199.67,192.168.2.12,443,53589,TCP,1488
1739266395.036845,17.248.199.67,192.168.2.12,443,53589,TCP,1488
1739266395.03698,17.248.199.67,192.168.2.12,443,53589,TCP,1488
1739266395.0371141,17.248.199.67,192.168.2.12,443,53589,TCP,1488
1739266395.03728,17.248.199.67,192.168.2.12,443,53589,TCP,1488
1739266395.037416,17.248.199.67,192.168.2.12,443,53589,TCP,1488
1739266395.037528,192.168.2.12,17.248.199.67,53589,443,TCP,66
1739266395.03766,17.248.199.67,192.168.2.12,443,53589,TCP,1488
1739266395.037793,17.248.199.67,192.168.2.12,443,53589,TCP,1488
1739266395.0379279,17.248.199.67,192.168.2.12,443,53589,TCP,1488
1739266395.0380769,17.248.199.67,192.168.2.12,443,53589,TCP,1488
1739266395.038215,17.248.199.67,192.168.2.12,443,53589,TCP,1488
1739266395.03835,17.248.199.67,192.168.2.12,443,53589,TCP,1488
1739266395.0384839,17.248.199.67,192.168.2.12,443,53589,TCP,1488
1739266395.038618,17.248.199.67,192.168.2.12,443,53589,TCP,1488
1739266395.03875,17.248.199.67,192.168.2.12,443,53589,TCP,1488
1739266395.038883,17.248.199.67,192.168.2.12,443,53589,TCP,1488
1739266395.0389938,192.168.2.12,17.248.199.67,53589,443,TCP,66
1739266395.039129,17.248.199.67,192.168.2.12,443,53589,TCP,1488
1739266395.039266,17.248.199.67,192.168.2.12,443,53589,TCP,1488
1739266395.039416,17.248.199.67,192.168.2.12,443,53589,TCP,1488
1739266395.039553,17.248.199.67,192.168.2.12,443,53589,TCP,1488
1739266395.039692,17.248.199.67,192.168.2.12,443,53589,TCP,958
1739266395.039805,192.168.2.12,17.248.199.67,53589,443,TCP,66
1739266396.123428,192.168.2.1,192.168.2.255,9431,9431,UDP,104
1739266396.460145,192.168.2.12,17.248.199.67,53589,443,TCP,54
1739266399.223163,192.168.2.12,64.233.180.188,49186,5228,TCP,54
1739266399.259393,64.233.180.188,192.168.2.12,5228,49186,TCP,66
1739266401.144626,192.168.2.1,192.168.2.255,9431,9431,UDP,104
1739266402.249115,192.168.2.12,104.208.16.89,49890,443,TCP,1494
1739266403.3951738,142.251.40.106,192.168.2.12,443,53122,UDP,74
1739266403.4981818,192.168.2.12,142.251.40.106,53122,443,UDP,75
1739266404.53757,192.168.2.12,3.162.3.30,50277,443,TCP,54
1739266404.557179,3.162.3.30,192.168.2.12,443,50277,TCP,66
1739266406.161654,192.168.2.1,192.168.2.255,9431,9431,UDP,104
1739266406.978147,192.168.2.14,224.0.0.251,5353,5353,UDP,162
1739266406.979291,192.168.2.14,224.0.0.251,5353,5353,UDP,177
1739266407.389931,192.168.2.1,239.255.255.250,1900,1900,UDP,357
1739266407.390464,162.159.134.234,192.168.2.12,443,49315,TCP,321
1739266407.390815,192.168.2.1,239.255.255.250,1900,1900,UDP,348
1739266407.3911061,192.168.2.12,162.159.134.234,49315,443,TCP,66
1739266407.4249039,192.168.2.1,239.255.255.250,1900,1900,UDP,400
1739266407.474344,192.168.2.1,239.255.255.250,1900,1900,UDP,414
1739266407.5253088,192.168.2.1,239.255.255.250,1900,1900,UDP,412
1739266407.573786,192.168.2.1,239.255.255.250,1900,1900,UDP,428
1739266407.6251142,192.168.2.1,239.255.255.250,1900,1900,UDP,357
1739266407.676079,192.168.2.1,239.255.255.250,1900,1900,UDP,348
1739266407.727977,192.168.2.1,239.255.255.250,1900,1900,UDP,400
1739266407.777369,192.168.2.1,239.255.255.250,1900,1900,UDP,414
1739266407.824281,192.168.2.1,239.255.255.250,1900,1900,UDP,412
1739266407.874043,192.168.2.1,239.255.255.250,1900,1900,UDP,428
1739266407.9020789,192.168.2.14,224.0.0.251,5353,5353,UDP,128
1739266407.945051,192.168.2.1,239.255.255.250,55921,1900,UDP,558
1739266407.9454951,192.168.2.1,239.255.255.250,55921,1900,UDP,486
1739266407.945908,192.168.2.1,239.255.255.250,44219,1900,UDP,534
1739266407.9464939,192.168.2.1,239.255.255.250,55921,1900,UDP,495
1739266407.94688,192.168.2.1,239.255.255.250,38724,1900,UDP,495
1739266407.947217,192.168.2.1,239.255.255.250,44219,1900,UDP,495
1739266407.947553,192.168.2.1,239.255.255.250,46291,1900,UDP,548
1739266407.9478898,192.168.2.1,239.255.255.250,42316,1900,UDP,566
1739266407.9482229,192.168.2.1,239.255.255.250,38724,1900,UDP,554
1739266407.97416,192.168.2.1,239.255.255.250,1900,1900,UDP,357
1739266408.024443,192.168.2.1,239.255.255.250,1900,1900,UDP,348
1739266408.042547,192.168.2.1,239.255.255.250,51635,1900,UDP,486
1739266408.0432708,192.168.2.1,239.255.255.250,51635,1900,UDP,495
1739266408.044502,192.168.2.1,239.255.255.250,51635,1900,UDP,558
1739266408.0448582,192.168.2.1,239.255.255.250,52251,1900,UDP,495
1739266408.045173,192.168.2.1,239.255.255.250,52251,1900,UDP,534
1739266408.0454779,192.168.2.1,239.255.255.250,59487,1900,UDP,566
1739266408.045784,192.168.2.1,239.255.255.250,38824,1900,UDP,495
1739266408.046081,192.168.2.1,239.255.255.250,38824,1900,UDP,554
1739266408.046376,192.168.2.1,239.255.255.250,47875,1900,UDP,548
1739266408.0744362,192.168.2.1,239.255.255.250,1900,1900,UDP,400
1739266408.124216,192.168.2.1,239.255.255.250,1900,1900,UDP,357
1739266408.1752791,192.168.2.1,239.255.255.250,1900,1900,UDP,348
1739266408.223605,192.168.2.1,239.255.255.250,1900,1900,UDP,400
1739266408.3426318,162.159.134.234,192.168.2.12,443,49315,TCP,564
1739266408.343544,192.168.2.12,162.159.134.234,49315,443,TCP,66
1739266409.335646,13.107.246.40,192.168.2.12,443,50600,TCP,90
1739266409.3364859,13.107.246.40,192.168.2.12,443,50600,TCP,105
1739266409.336847,13.107.246.40,192.168.2.12,443,50600,TCP,66
1739266409.337155,13.107.246.40,192.168.2.12,443,50600,TCP,66
1739266409.3379042,192.168.2.12,13.107.246.40,50600,443,TCP,78
1739266409.338432,192.168.2.12,13.107.246.40,50600,443,TCP,66
1739266409.338745,192.168.2.12,13.107.246.40,50600,443,TCP,66
1739266409.339038,192.168.2.12,13.107.246.40,50600,443,TCP,66
1739266409.339347,192.168.2.12,13.107.246.40,50600,443,TCP,66
1739266409.359321,13.107.246.40,192.168.2.12,443,50600,TCP,66
1739266409.359649,13.107.246.40,192.168.2.12,443,50600,TCP,66
1739266409.878695,192.168.2.12,162.159.134.234,49315,443,TCP,117
1739266409.922545,162.159.134.234,192.168.2.12,443,49315,TCP,100
1739266409.92288,192.168.2.12,162.159.134.234,49315,443,TCP,66
1739266410.050551,192.168.2.14,224.0.0.251,5353,5353,UDP,128
1739266410.4611042,162.159.134.234,192.168.2.12,443,49315,TCP,473
1739266410.461588,192.168.2.12,162.159.134.234,49315,443,TCP,66
1739266411.0794592,192.168.2.1,192.168.2.255,9431,9431,UDP,104
1739266413.432013,142.251.40.106,192.168.2.12,443,53122,UDP,74
1739266413.532496,192.168.2.12,142.251.40.106,53122,443,UDP,75
1739266413.941707,192.168.2.14,224.0.0.251,5353,5353,UDP,128
1739266416.094015,192.168.2.1,192.168.2.255,9431,9431,UDP,104
1739266416.8795872,192.168.2.12,192.168.2.1,16583,53,UDP,80
1739266416.879918,192.168.2.12,192.168.2.1,13330,53,UDP,80
1739266416.888834,192.168.2.1,192.168.2.12,53,16583,UDP,124
1739266416.8895721,192.168.2.1,192.168.2.12,53,13330,UDP,158
1739266416.8900108,192.168.2.12,142.251.35.174,51810,443,UDP,1292
1739266416.8903081,192.168.2.12,142.251.35.174,51810,443,UDP,1292
1739266416.890518,192.168.2.12,142.251.35.174,51810,443,UDP,121
1739266416.912971,142.251.35.174,192.168.2.12,443,51810,UDP,82
1739266416.913224,142.251.35.174,192.168.2.12,443,51810,UDP,1292
1739266416.919016,142.251.35.174,192.168.2.12,443,51810,UDP,1292
1739266416.919789,142.251.35.174,192.168.2.12,443,51810,UDP,349
1739266416.919994,142.251.35.174,192.168.2.12,443,51810,UDP,985
1739266416.920176,142.251.35.174,192.168.2.12,443,51810,UDP,76
1739266416.920382,192.168.2.12,142.251.35.174,51810,443,UDP,120
1739266416.920584,192.168.2.12,142.251.35.174,51810,443,UDP,73
1739266416.9207711,192.168.2.12,142.251.35.174,51810,443,UDP,1288
1739266416.9209442,192.168.2.12,142.251.35.174,51810,443,UDP,1183
1739266416.921113,192.168.2.12,142.251.35.174,51810,443,UDP,173
1739266416.937825,142.251.35.174,192.168.2.12,443,51810,UDP,66
1739266416.9413812,142.251.35.174,192.168.2.12,443,51810,UDP,162
1739266416.9417112,142.251.35.174,192.168.2.12,443,51810,UDP,67
1739266416.9436219,142.251.35.174,192.168.2.12,443,51810,UDP,71
1739266416.9438028,192.168.2.12,142.251.35.174,51810,443,UDP,73
1739266416.944798,142.251.35.174,192.168.2.12,443,51810,UDP,71
1739266416.973948,192.168.2.12,142.251.35.174,51810,443,UDP,74
1739266416.9848661,142.251.35.174,192.168.2.12,443,51810,UDP,1288
1739266416.9850729,142.251.35.174,192.168.2.12,443,51810,UDP,392
1739266416.985307,192.168.2.12,142.251.35.174,51810,443,UDP,77
1739266416.9865,142.251.35.174,192.168.2.12,443,51810,UDP,76
1739266416.986932,142.251.35.174,192.168.2.12,443,51810,UDP,248
1739266416.9873312,192.168.2.12,142.251.35.174,51810,443,UDP,73
1739266416.995957,142.251.35.174,192.168.2.12,443,51810,UDP,599
1739266416.996275,142.251.35.174,192.168.2.12,443,51810,UDP,76
1739266416.9970508,142.251.35.174,192.168.2.12,443,51810,UDP,189
1739266416.997426,192.168.2.12,142.251.35.174,51810,443,UDP,77
1739266417.016876,142.251.35.174,192.168.2.12,443,51810,UDP,65
1739266417.023826,192.168.2.12,142.251.35.174,51810,443,UDP,74
1739266418.289877,192.168.2.12,104.208.16.89,49890,443,TCP,54
1739266418.759101,192.168.2.12,192.168.2.1,56727,53,UDP,97
1739266418.768627,192.168.2.1,192.168.2.12,53,56727,UDP,169
1739266418.769352,192.168.2.12,20.42.65.94,50704,443,TCP,78
1739266418.798701,20.42.65.94,192.168.2.12,443,50704,TCP,74
1739266418.7988899,192.168.2.12,20.42.65.94,50704,443,TCP,66
1739266418.799155,192.168.2.12,20.42.65.94,50704,443,TCP,583
1739266418.833796,20.42.65.94,192.168.2.12,443,50704,TCP,165
1739266418.833987,192.168.2.12,20.42.65.94,50704,443,TCP,66
1739266418.8341482,192.168.2.12,20.42.65.94,50704,443,TCP,503
1739266418.874069,20.42.65.94,192.168.2.12,443,50704,TCP,1488
1739266418.874679,20.42.65.94,192.168.2.12,443,50704,TCP,1488
1739266418.8752692,20.42.65.94,192.168.2.12,443,50704,TCP,1488
1739266418.875517,20.42.65.94,192.168.2.12,443,50704,TCP,332
1739266418.875763,192.168.2.12,20.42.65.94,50704,443,TCP,66
1739266418.875891,192.168.2.12,20.42.65.94,50704,443,TCP,66
1739266418.876079,192.168.2.12,20.42.65.94,50704,443,TCP,1494
1739266418.876249,192.168.2.12,20.42.65.94,50704,443,TCP,589
1739266418.90371,20.42.65.94,192.168.2.12,443,50704,TCP,66
1739266418.907361,20.42.65.94,192.168.2.12,443,50704,TCP,169
1739266418.907632,192.168.2.12,20.42.65.94,50704,443,TCP,66
1739266419.167309,20.42.65.94,192.168.2.12,443,50704,TCP,530
